Metric,@1,@3,@5,@10
recall,0.270392749244713,0.4310171198388721,0.513595166163142,0.622356495468278
ndcg,0.270392749244713,0.3708136025065311,0.4044458255343281,0.44099469365831273
